1717621475.7255266,https://github.com/mattdeitke/objaverse-xl-test-files/blob/ead0bed6a76012452273bbe18d12e4d68a881956/example.fbx,7037575f47816118e5a34e7c0da9927e1be7be3f5b4adfac337710822eb50fa9
1717621477.2850323,https://github.com/mattdeitke/objaverse-xl-test-files/blob/ead0bed6a76012452273bbe18d12e4d68a881956/example.ply,aa5c41753ad8a91562122d8cafbe1a940146fc3d227b7086eb8c830da36cb42b
1717621478.7563164,https://github.com/mattdeitke/objaverse-xl-test-files/blob/ead0bed6a76012452273bbe18d12e4d68a881956/example.abc,879bc9d2d85e4f3866f0cfef41f5236f9fff5f973380461af9f69cdbed53a0da
1717621480.1915815,https://github.com/mattdeitke/objaverse-xl-test-files/blob/ead0bed6a76012452273bbe18d12e4d68a881956/example-embedded.gltf,bc4cc8a78bc57d3c41ddaca9135d2b4e66b59e97846e2b796e5cc6b09c62b273
1717621481.8119826,https://github.com/mattdeitke/objaverse-xl-test-files/blob/ead0bed6a76012452273bbe18d12e4d68a881956/example.stl,10fd5944c3fe32cb25fdcf46319cbda250b98bd22fd87fc41de5769b118d5262
1717621483.366115,https://github.com/mattdeitke/objaverse-xl-test-files/blob/ead0bed6a76012452273bbe18d12e4d68a881956/example.obj,d2b9a5d7c47dc93526082c9b630157ab6bce4fd8669610d942176f4a36444e71
1717621484.9079692,https://github.com/mattdeitke/objaverse-xl-test-files/blob/ead0bed6a76012452273bbe18d12e4d68a881956/example.dae,cd567dfd1605a5fd60af1b8ac67e44b6af25b9e3f160da66047bb1187d02a071
1717621486.4548862,https://github.com/mattdeitke/objaverse-xl-test-files/blob/ead0bed6a76012452273bbe18d12e4d68a881956/example.blend,ac69da6df0c83b593902c71238a7721f575233723730150230da95d583466562
1717621487.90431,https://github.com/mattdeitke/objaverse-xl-test-files/blob/ead0bed6a76012452273bbe18d12e4d68a881956/example.glb,04e6377317d6818e32c5cbd1951e76deb3641bbf4f6db6933046221d5fbf1c5c
1717621489.3982072,https://github.com/mattdeitke/objaverse-xl-test-files/blob/ead0bed6a76012452273bbe18d12e4d68a881956/example-linked.gltf,f15f7541614940dedd1ce373dee9cde1cc63471db84081259a44488aca267408
1717621848.290809,https://github.com/mattdeitke/objaverse-xl-test-files/blob/ead0bed6a76012452273bbe18d12e4d68a881956/example.fbx,7037575f47816118e5a34e7c0da9927e1be7be3f5b4adfac337710822eb50fa9
1717621849.7907786,https://github.com/mattdeitke/objaverse-xl-test-files/blob/ead0bed6a76012452273bbe18d12e4d68a881956/example.ply,aa5c41753ad8a91562122d8cafbe1a940146fc3d227b7086eb8c830da36cb42b
1717621851.2440708,https://github.com/mattdeitke/objaverse-xl-test-files/blob/ead0bed6a76012452273bbe18d12e4d68a881956/example.abc,879bc9d2d85e4f3866f0cfef41f5236f9fff5f973380461af9f69cdbed53a0da
1717621852.7100785,https://github.com/mattdeitke/objaverse-xl-test-files/blob/ead0bed6a76012452273bbe18d12e4d68a881956/example-embedded.gltf,bc4cc8a78bc57d3c41ddaca9135d2b4e66b59e97846e2b796e5cc6b09c62b273
1717621854.1559305,https://github.com/mattdeitke/objaverse-xl-test-files/blob/ead0bed6a76012452273bbe18d12e4d68a881956/example.stl,10fd5944c3fe32cb25fdcf46319cbda250b98bd22fd87fc41de5769b118d5262
1717621855.569746,https://github.com/mattdeitke/objaverse-xl-test-files/blob/ead0bed6a76012452273bbe18d12e4d68a881956/example.obj,d2b9a5d7c47dc93526082c9b630157ab6bce4fd8669610d942176f4a36444e71
1717621856.9534404,https://github.com/mattdeitke/objaverse-xl-test-files/blob/ead0bed6a76012452273bbe18d12e4d68a881956/example.dae,cd567dfd1605a5fd60af1b8ac67e44b6af25b9e3f160da66047bb1187d02a071
1717621858.414291,https://github.com/mattdeitke/objaverse-xl-test-files/blob/ead0bed6a76012452273bbe18d12e4d68a881956/example.blend,ac69da6df0c83b593902c71238a7721f575233723730150230da95d583466562
1717621859.8477044,https://github.com/mattdeitke/objaverse-xl-test-files/blob/ead0bed6a76012452273bbe18d12e4d68a881956/example.glb,04e6377317d6818e32c5cbd1951e76deb3641bbf4f6db6933046221d5fbf1c5c
1717621861.347549,https://github.com/mattdeitke/objaverse-xl-test-files/blob/ead0bed6a76012452273bbe18d12e4d68a881956/example-linked.gltf,f15f7541614940dedd1ce373dee9cde1cc63471db84081259a44488aca267408
1717766311.2303743,https://thingiverse.com/thing:4331907/files?fileId=8118542,7c8d844ac82694d4dd263804a06c45616ffe049de365c1b1fc48da499adc8e54
1717766311.5088441,https://thingiverse.com/thing:4913363/files?fileId=9750748,37caffbb3cebd13795c7fd5b0e929f0fe557d2f0d5059ead86d10a1bcd2325db
1717766311.5261965,https://thingiverse.com/thing:3333439/files?fileId=6125758,a9478ed637e2d5fd234a7c70acf26cfc78891b1c3d5b17e299b3f533fef9515a
1717766312.2396326,https://thingiverse.com/thing:2766715/files?fileId=4574587,eca56ed4286878439970da0ed5d31fc5193faed889b6f3d83e679f7654fc1a36
1717766318.3021328,https://3d-api.si.edu/content/document/3d_package:4bb758be-9bf6-45b0-ba0d-a8b545ee710a/USNM396934_hamate_right_-200-150k-2048-medium.glb,28c9022e88c0b06992ef2d1e51a8a747cad8a1d3283c6a51197b4d5714b40337
1717766321.4072914,https://3d-api.si.edu/content/document/3d_package:671c37e7-3357-4e64-bb8b-c38c5a02071c/USNM396933_cranium_-500_dec-150k-2048-medium.glb,6ea033808ad3c7c9c1c3166b934e3b2f4e43dfe76f0b04fff3083f15abec15c3
1717766321.4423664,https://3d-api.si.edu/content/document/3d_package:c6c22bce-01b2-404a-886b-cb53d4054003/USNM142170_Mandible_-300-150k-2048-medium.glb,ce8fd565453d74938a7e1402054101b6bc217bf6846c80eb2b3e503ca57ea5b5
1717766321.5766103,https://3d-api.si.edu/content/document/3d_package:306c5849-feab-425a-86dc-ec1aed717d65/USNM016308_cranium_mandible_-600-150k-2048-medium.glb,3cd092c85c991035b692f15bc6e7f9657ef940c15cf81b872912f5bb2843c3e2
1717766327.7888293,https://sketchfab.com/3d-models/8e1c08c45b954349b20fe9cdc0b55713,24b6ee738ff4ba48044ca1bd5456fb4e2ff072797c2b2e8e74df4c1f2e957299
1717766328.3619273,https://sketchfab.com/3d-models/6c3b10ad2e944dd49686cc7af97c1de7,4f31cd1b59e7fc4124bef4112a578d26b2f3283e2438be084a94cff114292c1c
1717766328.4123545,https://sketchfab.com/3d-models/cd33dfdeee4441e6a7f2fb0fa09ff595,f8aed37125b637cdbce7ec04c6a6afe50dfba004820114ec7b3ae1baf8bd7306
1717766328.463759,https://sketchfab.com/3d-models/74652fc1a18a470096a503a7d4c3ecc2,a87fda906edb0e91cc0e978ec0bff7de5a7d6cd7ceaad1d37234563980fefa24
1717766347.2479146,https://github.com/sadekbaroudi/fingerpunch/blob/1e42f7ea6756286fa8b4c79773f2ba50249c7952/keyboards/stenographobe/cases/stenographobe-body-mx.stl,cb9d36736e82d00a2ec6bef2a5ef15ec2e48f6e6c4c3363994e974af50840b17
1717766386.011015,https://github.com/EZHoon93/Hide-SeekIo/blob/4cb725f630a0dbac339b21d3663e497094bcb1c4/HideSeekIo/Assets/999.3D Assets/z.Bitgem/Nature Set - Proto Series/Models/birch_tree_col3_02_snow.fbx,f02d24a5653c83194c3f23f5f242f3f678c6f1b05fcd3830a5d90513716c6b7c
1717766386.4437144,https://github.com/0010cha/data_origami/blob/086213096e006a05aea67149874ecc00733a2b7b/airplane/sphere_sv/points_sv_30_90/airplane1440_sv_output_299.ply,2df906e93996a09917bfdc4f221b5fa358a9d51e13dd258391f729f779f99f99
